Date Time, Prediction, Type
2026-10-01 04:16,5.199,H
2026-10-01 08:57,3.131,L
2026-10-01 15:09,7.371,H
2026-10-01 22:29,-0.394,L
2026-10-02 05:29,4.945,H
2026-10-02 09:52,3.53,L
2026-10-02 16:07,7.075,H
2026-10-02 23:36,-0.211,L
2026-10-03 06:50,4.9,H
2026-10-03 11:09,3.757,L
2026-10-03 17:20,6.736,H
2026-10-04 00:48,-0.087,L
2026-10-04 08:05,5.096,H
2026-10-04 12:43,3.65,L
2026-10-04 18:42,6.489,H
2026-10-05 01:56,-0.044,L
2026-10-05 09:04,5.45,H
2026-10-05 14:08,3.153,L
2026-10-05 20:02,6.394,H
2026-10-06 02:56,-0.009,L
2026-10-06 09:49,5.873,H
2026-10-06 15:18,2.419,L
2026-10-06 21:13,6.391,H
2026-10-07 03:46,0.106,L
2026-10-07 10:27,6.31,H
2026-10-07 16:14,1.622,L
2026-10-07 22:16,6.393,H
2026-10-08 04:30,0.347,L
2026-10-08 11:01,6.713,H
2026-10-08 17:03,0.883,L
2026-10-08 23:11,6.345,H
2026-10-09 05:10,0.717,L
2026-10-09 11:33,7.036,H
2026-10-09 17:48,0.278,L
2026-10-10 00:03,6.235,H
2026-10-10 05:47,1.191,L
2026-10-10 12:03,7.245,H
2026-10-10 18:29,-0.148,L
2026-10-11 00:51,6.069,H
2026-10-11 06:22,1.725,L
2026-10-11 12:32,7.324,H
2026-10-11 19:09,-0.378,L
2026-10-12 01:38,5.86,H
2026-10-12 06:56,2.272,L
2026-10-12 13:01,7.274,H
2026-10-12 19:49,-0.415,L
2026-10-13 02:25,5.618,H
2026-10-13 07:30,2.788,L
2026-10-13 13:31,7.111,H
2026-10-13 20:29,-0.285,L
2026-10-14 03:13,5.352,H
2026-10-14 08:05,3.24,L
2026-10-14 14:02,6.858,H
2026-10-14 21:11,-0.033,L
